@babel/code-frame,7.0.0-beta.32,MIT
@babel/helper-function-name,7.0.0-beta.32,MIT
@babel/helper-get-function-arity,7.0.0-beta.32,MIT
@babel/template,7.0.0-beta.32,MIT
@babel/traverse,7.0.0-beta.32,MIT
@babel/types,7.0.0-beta.32,MIT
@gitlab-org/gitlab-svgs,1.17.0,SEE LICENSE IN LICENSE
@types/jquery,2.0.48,MIT
JSONStream,1.3.2,MIT
RedCloth,4.3.2,MIT
abbrev,1.0.9,ISC
abbrev,1.1.1,ISC
accepts,1.3.3,MIT
accepts,1.3.4,MIT
ace-rails-ap,4.1.2,MIT
acorn,3.3.0,MIT
acorn,4.0.13,MIT
acorn,5.1.1,MIT
acorn,5.4.1,MIT
acorn-dynamic-import,2.0.2,MIT
acorn-jsx,3.0.1,MIT
acorn-node,1.3.0,Apache 2.0
actionmailer,4.2.10,MIT
actionpack,4.2.10,MIT
actionview,4.2.10,MIT
activejob,4.2.10,MIT
activemodel,4.2.10,MIT
activerecord,4.2.10,MIT
activesupport,4.2.10,MIT
acts-as-taggable-on,5.0.0,MIT
address,1.0.3,MIT
addressable,2.5.2,Apache 2.0
addressparser,1.0.1,MIT
aes_key_wrap,1.0.1,MIT
after,0.8.2,MIT
agent-base,2.1.1,MIT
ajv,4.11.8,MIT
ajv,5.2.2,MIT
ajv,5.5.2,MIT
ajv,6.1.1,MIT
ajv-keywords,1.5.1,MIT
ajv-keywords,3.1.0,MIT
akismet,2.0.0,MIT
align-text,0.1.4,MIT
allocations,1.0.5,MIT
alphanum-sort,1.0.2,MIT
amdefine,1.0.1,BSD-3-Clause OR MIT
amqplib,0.5.2,MIT
ansi-align,2.0.0,ISC
ansi-escapes,1.4.0,MIT
ansi-escapes,3.0.0,MIT
ansi-html,0.0.7,Apache 2.0
ansi-regex,2.1.1,MIT
ansi-regex,3.0.0,MIT
ansi-styles,2.2.1,MIT
ansi-styles,3.2.0,MIT
anymatch,1.3.2,ISC
anymatch,2.0.0,ISC
append-transform,0.4.0,MIT
aproba,1.2.0,ISC
are-we-there-yet,1.1.4,ISC
arel,6.0.4,MIT
argparse,1.0.9,MIT
arr-diff,2.0.0,MIT
arr-diff,4.0.0,MIT
arr-flatten,1.1.0,MIT
arr-union,3.1.0,MIT
array-filter,0.0.1,MIT
array-find,1.0.0,MIT
array-find-index,1.0.2,MIT
array-flatten,1.1.1,MIT
array-flatten,2.1.1,MIT
array-includes,3.0.3,MIT
array-map,0.0.0,MIT
array-reduce,0.0.0,MIT
array-slice,0.2.3,MIT
array-union,1.0.2,MIT
array-uniq,1.0.3,MIT
array-unique,0.2.1,MIT
array-unique,0.3.2,MIT
arraybuffer.slice,0.0.7,MIT
arrify,1.0.1,MIT
asana,0.6.0,MIT
asciidoctor,1.5.6.2,MIT
asciidoctor-plantuml,0.0.8,MIT
asn1,0.2.3,MIT
asn1.js,4.10.1,MIT
assert,1.4.1,MIT
assert-plus,0.2.0,MIT
assert-plus,1.0.0,MIT
asset_sync,2.2.0,MIT
assign-symbols,1.0.0,MIT
ast-types,0.11.1,MIT
astw,2.2.0,MIT
async,0.9.2,MIT
async,1.5.2,MIT
async,2.1.5,MIT
async,2.4.1,MIT
async,2.6.0,MIT
async-each,1.0.1,MIT
async-limiter,1.0.0,MIT
asynckit,0.4.0,MIT
atob,2.0.3,(MIT OR Apache-2.0)
atomic,1.1.99,Apache 2.0
attr_encrypted,3.0.3,MIT
attr_required,1.0.0,MIT
autoprefixer,6.7.7,MIT
autoprefixer-rails,6.2.3,MIT
autosize,4.0.0,MIT
aws-sign2,0.6.0,Apache 2.0
aws-sign2,0.7.0,Apache 2.0
aws4,1.6.0,MIT
axiom-types,0.1.1,MIT
axios,0.15.3,MIT
axios,0.17.1,MIT
axios-mock-adapter,1.10.0,MIT
babel-code-frame,6.26.0,MIT
babel-core,6.26.0,MIT
babel-eslint,8.0.2,MIT
babel-generator,6.26.0,MIT
babel-helper-bindify-decorators,6.24.1,MIT
babel-helper-builder-binary-assignment-operator-visitor,6.24.1,MIT
babel-helper-call-delegate,6.24.1,MIT
babel-helper-define-map,6.26.0,MIT
babel-helper-explode-assignable-expression,6.24.1,MIT
babel-helper-explode-class,6.24.1,MIT
babel-helper-function-name,6.24.1,MIT
babel-helper-get-function-arity,6.24.1,MIT
babel-helper-hoist-variables,6.24.1,MIT
babel-helper-optimise-call-expression,6.24.1,MIT
babel-helper-regex,6.26.0,MIT
babel-helper-remap-async-to-generator,6.24.1,MIT
babel-helper-replace-supers,6.24.1,MIT
babel-helpers,6.24.1,MIT
babel-loader,7.1.2,MIT
babel-messages,6.23.0,MIT
babel-plugin-check-es2015-constants,6.22.0,MIT
babel-plugin-istanbul,4.1.5,New BSD
babel-plugin-syntax-async-functions,6.13.0,MIT
babel-plugin-syntax-async-generators,6.13.0,MIT
babel-plugin-syntax-class-properties,6.13.0,MIT
babel-plugin-syntax-decorators,6.13.0,MIT
babel-plugin-syntax-dynamic-import,6.18.0,MIT
babel-plugin-syntax-exponentiation-operator,6.13.0,MIT
babel-plugin-syntax-object-rest-spread,6.13.0,MIT
babel-plugin-syntax-trailing-function-commas,6.22.0,MIT
babel-plugin-transform-async-generator-functions,6.24.1,MIT
babel-plugin-transform-async-to-generator,6.24.1,MIT
babel-plugin-transform-class-properties,6.24.1,MIT
babel-plugin-transform-decorators,6.24.1,MIT
babel-plugin-transform-define,1.3.0,MIT
babel-plugin-transform-es2015-arrow-functions,6.22.0,MIT
babel-plugin-transform-es2015-block-scoped-functions,6.22.0,MIT
babel-plugin-transform-es2015-block-scoping,6.26.0,MIT
babel-plugin-transform-es2015-classes,6.24.1,MIT
babel-plugin-transform-es2015-computed-properties,6.24.1,MIT
babel-plugin-transform-es2015-destructuring,6.23.0,MIT
babel-plugin-transform-es2015-duplicate-keys,6.24.1,MIT
babel-plugin-transform-es2015-for-of,6.23.0,MIT
babel-plugin-transform-es2015-function-name,6.24.1,MIT
babel-plugin-transform-es2015-literals,6.22.0,MIT
babel-plugin-transform-es2015-modules-amd,6.24.1,MIT
babel-plugin-transform-es2015-modules-commonjs,6.26.0,MIT
babel-plugin-transform-es2015-modules-systemjs,6.24.1,MIT
babel-plugin-transform-es2015-modules-umd,6.24.1,MIT
babel-plugin-transform-es2015-object-super,6.24.1,MIT
babel-plugin-transform-es2015-parameters,6.24.1,MIT
babel-plugin-transform-es2015-shorthand-properties,6.24.1,MIT
babel-plugin-transform-es2015-spread,6.22.0,MIT
babel-plugin-transform-es2015-sticky-regex,6.24.1,MIT
babel-plugin-transform-es2015-template-literals,6.22.0,MIT
babel-plugin-transform-es2015-typeof-symbol,6.23.0,MIT
babel-plugin-transform-es2015-unicode-regex,6.24.1,MIT
babel-plugin-transform-exponentiation-operator,6.24.1,MIT
babel-plugin-transform-object-rest-spread,6.23.0,MIT
babel-plugin-transform-regenerator,6.26.0,MIT
babel-plugin-transform-strict-mode,6.24.1,MIT
babel-preset-es2015,6.24.1,MIT
babel-preset-es2016,6.24.1,MIT
babel-preset-es2017,6.24.1,MIT
babel-preset-latest,6.24.1,MIT
babel-preset-stage-2,6.24.1,MIT
babel-preset-stage-3,6.24.1,MIT
babel-register,6.26.0,MIT
babel-runtime,6.26.0,MIT
babel-template,6.26.0,MIT
babel-traverse,6.26.0,MIT
babel-types,6.26.0,MIT
babosa,1.0.2,MIT
babylon,6.18.0,MIT
babylon,7.0.0-beta.32,MIT
backo2,1.0.2,MIT
balanced-match,0.4.2,MIT
balanced-match,1.0.0,MIT
base,0.11.2,MIT
base32,0.3.2,MIT
base64-arraybuffer,0.1.5,MIT
base64-js,1.2.3,MIT
base64id,1.0.0,MIT
batch,0.6.1,MIT
batch-loader,1.2.1,MIT
bcrypt,3.1.11,MIT
bcrypt-pbkdf,1.0.1,New BSD
bcrypt_pbkdf,1.0.0,MIT
better-assert,1.0.2,MIT
bfj-node4,5.2.1,MIT
big.js,3.1.3,MIT
binary-extensions,1.11.0,MIT
bindata,2.4.3,ruby
bitsyntax,0.0.4,UNKNOWN
bl,1.1.2,MIT
blackst0ne-mermaid,7.1.0-fixed,MIT
blob,0.0.4,MIT*
block-stream,0.0.9,ISC
bluebird,3.5.0,MIT
bluebird,3.5.1,MIT
bn.js,4.11.8,MIT
body-parser,1.18.2,MIT
bonjour,3.5.0,MIT
boom,2.10.1,New BSD
boom,4.3.1,New BSD
boom,5.2.0,New BSD
bootstrap-sass,3.3.6,MIT
bootstrap_form,2.7.0,MIT
boxen,1.3.0,MIT
brace-expansion,1.1.11,MIT
brace-expansion,1.1.8,MIT
braces,0.1.5,MIT
braces,1.8.5,MIT
braces,2.3.1,MIT
brorand,1.1.0,MIT
browser,2.2.0,MIT
browser-pack,6.0.4,MIT
browser-resolve,1.11.2,MIT
browserify,14.5.0,MIT
browserify-aes,1.1.1,MIT
browserify-cipher,1.0.0,MIT
browserify-des,1.0.0,MIT
browserify-rsa,4.0.1,MIT
browserify-sign,4.0.4,ISC
browserify-zlib,0.1.4,MIT
browserify-zlib,0.2.0,MIT
browserslist,1.7.7,MIT
buffer,4.9.1,MIT
buffer,5.1.0,MIT
buffer-indexof,1.1.0,MIT
buffer-more-ints,0.0.2,MIT
buffer-xor,1.0.3,MIT
builder,3.2.3,MIT
buildmail,4.0.1,MIT
builtin-modules,1.1.1,MIT
builtin-status-codes,3.0.0,MIT
bytes,2.5.0,MIT
bytes,3.0.0,MIT
cacache,10.0.4,ISC
cache-base,1.0.1,MIT
cached-path-relative,1.0.1,MIT
caller-path,0.1.0,MIT
callsite,1.0.0,MIT*
callsites,0.2.0,MIT
camelcase,1.2.1,MIT
camelcase,2.1.1,MIT
camelcase,3.0.0,MIT
camelcase,4.1.0,MIT
camelcase-keys,2.1.0,MIT
caniuse-api,1.6.1,MIT
caniuse-db,1.0.30000649,CC-BY-4.0
capture-stack-trace,1.0.0,MIT
carrierwave,1.2.1,MIT
caseless,0.11.0,Apache 2.0
caseless,0.12.0,Apache 2.0
cause,0.1,MIT
center-align,0.1.3,MIT
chalk,1.1.3,MIT
chalk,2.3.0,MIT
chalk,2.3.1,MIT
chardet,0.4.2,MIT
charlock_holmes,0.7.6,MIT
chart.js,1.0.2,MIT
check-types,7.3.0,MIT
chokidar,1.7.0,MIT
chokidar,2.0.2,MIT
chownr,1.0.1,ISC
chronic,0.10.2,MIT
chronic_duration,0.10.6,MIT
chunky_png,1.3.5,MIT
cipher-base,1.0.4,MIT
circular-json,0.3.3,MIT
circular-json,0.5.1,MIT
citrus,3.0.2,MIT
clap,1.1.3,MIT
class-utils,0.3.6,MIT
classlist-polyfill,1.2.0,Unlicense
cli-boxes,1.0.0,MIT
cli-cursor,1.0.2,MIT
cli-cursor,2.1.0,MIT
cli-width,2.1.0,ISC
clipboard,1.7.1,MIT
cliui,2.1.0,ISC
cliui,3.2.0,ISC
clone,1.0.2,MIT
co,3.0.6,MIT
co,4.6.0,MIT
coa,1.0.1,MIT
code-point-at,1.1.0,MIT
coercible,1.0.0,MIT
collection-visit,1.0.0,MIT
color,0.11.4,MIT
color-convert,1.9.1,MIT
color-name,1.1.2,MIT
color-string,0.3.0,MIT
colormin,1.1.2,MIT
colors,1.1.2,MIT
combine-lists,1.0.1,MIT
combine-source-map,0.7.2,MIT
combine-source-map,0.8.0,MIT
combined-stream,1.0.6,MIT
commander,2.15.1,MIT
commondir,1.0.1,MIT
commonmarker,0.17.8,MIT
component-bind,1.0.0,MIT*
component-emitter,1.2.1,MIT
component-inherit,0.0.3,MIT*
compressible,2.0.11,MIT
compression,1.7.0,MIT
compression-webpack-plugin,1.1.7,MIT
concat-map,0.0.1,MIT
concat-stream,1.5.2,MIT
concat-stream,1.6.0,MIT
concurrent-ruby-ext,1.0.5,MIT
configstore,3.1.1,Simplified BSD
connect,3.6.6,MIT
connect-history-api-fallback,1.3.0,MIT
connection_pool,2.2.1,MIT
console-browserify,1.1.0,MIT
console-control-strings,1.1.0,ISC
consolidate,0.14.5,MIT
constants-browserify,1.0.0,MIT
contains-path,0.1.0,MIT
content-disposition,0.5.2,MIT
content-type,1.0.4,MIT
convert-source-map,1.1.3,MIT
convert-source-map,1.5.0,MIT
cookie,0.3.1,MIT
cookie-signature,1.0.6,MIT
copy-concurrently,1.0.5,ISC
copy-descriptor,0.1.1,MIT
copy-webpack-plugin,4.4.1,MIT
core-js,2.3.0,MIT
core-js,2.4.1,MIT
core-js,2.5.1,MIT
core-js,2.5.3,MIT
core-util-is,1.0.2,MIT
cosmiconfig,2.1.1,MIT
crack,0.4.3,MIT
crass,1.0.3,MIT
create-ecdh,4.0.0,MIT
create-error-class,3.0.2,MIT
create-hash,1.1.3,MIT
create-hmac,1.1.6,MIT
creole,0.5.0,ruby
cropper,2.3.0,MIT
cross-spawn,5.1.0,MIT
cryptiles,2.0.5,New BSD
cryptiles,3.1.2,New BSD
crypto-browserify,3.11.0,MIT
crypto-browserify,3.12.0,MIT
crypto-random-string,1.0.0,MIT
css-color-names,0.0.4,MIT
css-loader,0.28.9,MIT
css-selector-tokenizer,0.7.0,MIT
css_parser,1.5.0,MIT
cssesc,0.1.0,MIT
cssnano,3.10.0,MIT
csso,2.3.2,MIT
currently-unhandled,0.4.1,MIT
custom-event,1.0.1,MIT
cyclist,0.2.2,MIT*
d,0.1.1,MIT
d,1.0.0,MIT
d3,3.5.17,New BSD
d3-array,1.2.1,New BSD
d3-axis,1.0.8,New BSD
d3-brush,1.0.4,New BSD
d3-collection,1.0.4,New BSD
d3-color,1.0.3,New BSD
d3-dispatch,1.0.3,New BSD
d3-drag,1.2.1,New BSD
d3-ease,1.0.3,New BSD
d3-format,1.2.1,New BSD
d3-interpolate,1.1.6,New BSD
d3-path,1.0.5,New BSD
d3-scale,1.0.7,New BSD
d3-selection,1.2.0,New BSD
d3-shape,1.2.0,New BSD
d3-time,1.0.8,New BSD
d3-time-format,2.1.1,New BSD
d3-timer,1.0.7,New BSD
d3-transition,1.1.1,New BSD
d3_rails,3.5.11,MIT
dagre-d3-renderer,0.4.24,MIT
dagre-layout,0.8.0,MIT
dashdash,1.14.1,MIT
data-uri-to-buffer,1.2.0,MIT
date-format,1.2.0,MIT
date-now,0.1.4,MIT
de-indent,1.0.2,MIT
debug,2.2.0,MIT
debug,2.6.8,MIT
debug,2.6.9,MIT
debug,3.1.0,MIT
debugger-ruby_core_source,1.3.8,MIT
decamelize,1.2.0,MIT
deckar01-task_list,2.0.0,MIT
declarative,0.0.10,MIT
declarative-option,0.1.0,MIT
decode-uri-component,0.2.0,MIT
decompress-response,3.3.0,MIT
deep-equal,1.0.1,MIT
deep-extend,0.4.2,MIT
deep-is,0.1.3,MIT
default-require-extensions,1.0.0,MIT
default_value_for,3.0.2,MIT
define-properties,1.1.2,MIT
define-property,0.2.5,MIT
define-property,1.0.0,MIT
define-property,2.0.2,MIT
defined,1.0.0,MIT
degenerator,1.0.4,MIT
del,2.2.2,MIT
del,3.0.0,MIT
delayed-stream,1.0.0,MIT
delegate,3.1.2,MIT
delegates,1.0.0,MIT
depd,1.1.1,MIT
deps-sort,2.0.0,MIT
des.js,1.0.0,MIT
descendants_tracker,0.0.4,MIT
destroy,1.0.4,MIT
detect-indent,4.0.0,MIT
detect-libc,1.0.3,Apache 2.0
detect-node,2.0.3,ISC
detect-port-alt,1.1.5,MIT
detective,4.7.1,MIT
devise,4.2.0,MIT
devise-two-factor,3.0.0,MIT
di,0.0.1,MIT
diff,3.4.0,New BSD
diff-lcs,1.3,"MIT,Artistic-2.0,GPL-2.0+"
diffie-hellman,5.0.2,MIT
diffy,3.1.0,MIT
dir-glob,2.0.0,MIT
dns-equal,1.0.0,MIT
dns-packet,1.2.2,MIT
dns-txt,2.0.2,MIT
doctrine,1.5.0,Simplified BSD
doctrine,2.0.0,Apache 2.0
document-register-element,1.3.0,MIT
dom-serialize,2.2.1,MIT
dom-serializer,0.1.0,MIT
domain-browser,1.1.7,MIT
domain_name,0.5.20170404,"Simplified BSD,New BSD,Mozilla Public License 2.0"
domelementtype,1.1.3,Simplified BSD
domelementtype,1.3.0,Simplified BSD
domhandler,2.4.1,Simplified BSD
domutils,1.6.2,Simplified BSD
doorkeeper,4.3.1,MIT
doorkeeper-openid_connect,1.3.0,MIT
dot-prop,4.2.0,MIT
double-ended-queue,2.1.0-0,MIT
dropzone,4.2.0,MIT
dropzonejs-rails,0.7.2,MIT
duplexer,0.1.1,MIT
duplexer2,0.1.4,New BSD
duplexer3,0.1.4,New BSD
duplexify,3.5.3,MIT
ecc-jsbn,0.1.1,MIT
ee-first,1.1.1,MIT
ejs,2.5.7,Apache 2.0
electron-to-chromium,1.3.3,ISC
elliptic,6.4.0,MIT
email_reply_trimmer,0.1.6,MIT
emoji-unicode-version,0.2.1,MIT
emojis-list,2.1.0,MIT
encodeurl,1.0.2,MIT
encryptor,3.0.0,MIT
end-of-stream,1.4.0,MIT
end-of-stream,1.4.1,MIT
engine.io,3.1.5,MIT
engine.io-client,3.1.5,MIT
engine.io-parser,2.1.2,MIT
enhanced-resolve,0.9.1,MIT
enhanced-resolve,3.4.1,MIT
ent,2.2.0,MIT
entities,1.1.1,Simplified BSD
equalizer,0.0.11,MIT
errno,0.1.4,MIT
error-ex,1.3.0,MIT
erubis,2.7.0,MIT
es-abstract,1.10.0,MIT
es-to-primitive,1.1.1,MIT
es5-ext,0.10.24,MIT
es6-iterator,2.0.1,MIT
es6-map,0.1.5,MIT
es6-promise,3.0.2,MIT
es6-set,0.1.5,MIT
es6-symbol,3.1.1,MIT
es6-weak-map,2.0.1,MIT
escape-html,1.0.3,MIT
escape-string-regexp,1.0.5,MIT
escape_utils,1.1.1,MIT
escodegen,1.8.1,Simplified BSD
escodegen,1.9.0,Simplified BSD
escope,3.6.0,Simplified BSD
eslint,3.19.0,MIT
eslint-config-airbnb-base,10.0.1,MIT
eslint-import-resolver-node,0.2.3,MIT
eslint-import-resolver-webpack,0.8.3,MIT
eslint-module-utils,2.0.0,MIT
eslint-plugin-filenames,1.1.0,MIT
eslint-plugin-html,2.0.1,ISC
eslint-plugin-import,2.2.0,MIT
eslint-plugin-jasmine,2.2.0,MIT
eslint-plugin-promise,3.5.0,ISC
eslint-plugin-vue,4.0.1,MIT
eslint-scope,3.7.1,Simplified BSD
eslint-visitor-keys,1.0.0,Apache 2.0
espree,3.5.0,Simplified BSD
espree,3.5.2,Simplified BSD
esprima,2.7.3,Simplified BSD
esprima,3.1.3,Simplified BSD
esprima,4.0.0,Simplified BSD
esquery,1.0.0,New BSD
esrecurse,4.1.0,Simplified BSD
estraverse,1.9.3,Simplified BSD
estraverse,4.1.1,Simplified BSD
estraverse,4.2.0,Simplified BSD
esutils,2.0.2,Simplified BSD
et-orbi,1.0.3,MIT
etag,1.8.1,MIT
eve-raphael,0.5.0,Apache 2.0
event-emitter,0.3.5,MIT
event-stream,3.3.4,MIT
eventemitter3,1.2.0,MIT
events,1.1.1,MIT
eventsource,0.1.6,MIT
evp_bytestokey,1.0.3,MIT
excon,0.60.0,MIT
execa,0.7.0,MIT
execjs,2.6.0,MIT
exit-hook,1.1.1,MIT
expand-braces,0.1.2,MIT
expand-brackets,0.1.5,MIT
expand-brackets,2.1.4,MIT
expand-range,0.1.1,MIT
expand-range,1.8.2,MIT
expand-tilde,2.0.2,MIT
exports-loader,0.7.0,MIT
express,4.16.2,MIT
expression_parser,0.9.0,MIT
extend,3.0.1,MIT
extend-shallow,2.0.1,MIT
extend-shallow,3.0.2,MIT
external-editor,2.1.0,MIT
extglob,0.3.2,MIT
extglob,2.0.4,MIT
extsprintf,1.3.0,MIT
extsprintf,1.4.0,MIT
faraday,0.12.2,MIT
faraday_middleware,0.11.0.1,MIT
faraday_middleware-multi_json,0.0.6,MIT
fast-deep-equal,1.0.0,MIT
fast-json-stable-stringify,2.0.0,MIT
fast-levenshtein,2.0.6,MIT
fast_blank,1.0.0,MIT
fast_gettext,1.6.0,"MIT,ruby"
fastparse,1.1.1,MIT
faye-websocket,0.10.0,MIT
faye-websocket,0.11.1,MIT
ffi,1.9.18,New BSD
figures,1.7.0,MIT
figures,2.0.0,MIT
file-entry-cache,2.0.0,MIT
file-loader,1.1.8,MIT
file-uri-to-path,1.0.0,MIT
filename-regex,2.0.1,MIT
fileset,2.0.3,MIT
filesize,3.5.11,New BSD
filesize,3.6.0,New BSD
fill-range,2.2.3,MIT
fill-range,4.0.0,MIT
finalhandler,1.1.0,MIT
find-cache-dir,1.0.0,MIT
find-root,0.1.2,MIT
find-up,1.1.2,MIT
find-up,2.1.0,MIT
flat-cache,1.2.2,MIT
flatten,1.0.2,MIT
flipper,0.13.0,MIT
flipper-active_record,0.13.0,MIT
flipper-active_support_cache_store,0.13.0,MIT
flowdock,0.7.1,MIT
flush-write-stream,1.0.2,MIT
fog-aliyun,0.2.0,MIT
fog-aws,2.0.1,MIT
fog-core,1.45.0,MIT
fog-google,1.3.3,MIT
fog-json,1.0.2,MIT
fog-local,0.3.1,MIT
fog-openstack,0.1.21,MIT
fog-rackspace,0.1.1,MIT
fog-xml,0.1.3,MIT
follow-redirects,1.0.0,MIT
follow-redirects,1.2.6,MIT
font-awesome-rails,4.7.0.1,"MIT,SIL Open Font License"
for-in,1.0.2,MIT
for-own,0.1.5,MIT
foreach,2.0.5,MIT
forever-agent,0.6.1,Apache 2.0
form-data,2.0.0,MIT
form-data,2.1.4,MIT
form-data,2.3.2,MIT
formatador,0.2.5,MIT
forwarded,0.1.2,MIT
fragment-cache,0.2.1,MIT
fresh,0.5.2,MIT
from,0.1.7,MIT
from2,2.3.0,MIT
fs-access,1.0.1,MIT
fs-write-stream-atomic,1.0.10,ISC
fs.realpath,1.0.0,ISC
fsevents,1.1.3,MIT
fstream,1.0.11,ISC
fstream-ignore,1.0.5,ISC
ftp,0.3.10,MIT
function-bind,1.1.1,MIT
fuzzaldrin-plus,0.5.0,MIT
gauge,2.7.4,ISC
gemnasium-gitlab-service,0.2.6,MIT
gemojione,3.3.0,MIT
generate-function,2.0.0,MIT
generate-object-property,1.2.0,MIT
get-caller-file,1.0.2,ISC
get-stdin,4.0.1,MIT
get-stream,3.0.0,MIT
get-uri,2.0.1,MIT
get-value,2.0.6,MIT
get_process_mem,0.2.0,MIT
getpass,0.1.7,MIT
gettext_i18n_rails,1.8.0,MIT
gettext_i18n_rails_js,1.3.0,MIT
gitaly-proto,0.94.0,MIT
github-linguist,5.3.3,MIT
github-markup,1.6.1,MIT
gitlab-flowdock-git-hook,1.0.1,MIT
gitlab-grit,2.8.2,MIT
gitlab-markup,1.6.3,MIT
gitlab_omniauth-ldap,2.0.4,MIT
glob,5.0.15,ISC
glob,7.1.1,ISC
glob,7.1.2,ISC
glob-base,0.3.0,MIT
glob-parent,2.0.0,ISC
glob-parent,3.1.0,ISC
global-dirs,0.1.1,MIT
global-modules,1.0.0,MIT
global-prefix,1.0.2,MIT
globalid,0.4.1,MIT
globals,10.4.0,MIT
globals,9.18.0,MIT
globby,5.0.0,MIT
globby,6.1.0,MIT
globby,7.1.1,MIT
goldiloader,2.0.1,MIT
gollum-grit_adapter,1.0.1,MIT
gollum-lib,4.2.7,MIT
gollum-rugged_adapter,0.4.4,MIT
gon,6.1.0,MIT
good-listener,1.2.2,MIT
google-api-client,0.19.8,Apache 2.0
google-protobuf,3.5.1,New BSD
googleapis-common-protos-types,1.0.1,Apache 2.0
googleauth,0.6.2,Apache 2.0
got,6.7.1,MIT
got,7.1.0,MIT
gpgme,2.0.13,LGPL-2.1+
graceful-fs,4.1.11,ISC
grape,1.0.2,MIT
grape-entity,0.6.0,MIT
grape-route-helpers,2.1.0,MIT
grape_logging,1.7.0,MIT
graphlib,2.1.1,MIT
grpc,1.10.0,Apache 2.0
gzip-size,3.0.0,MIT
gzip-size,4.1.0,MIT
hamlit,2.6.1,MIT
handle-thing,1.2.5,MIT
handlebars,4.0.6,MIT
har-schema,1.0.5,ISC
har-schema,2.0.0,ISC
har-validator,2.0.6,ISC
har-validator,4.2.1,ISC
har-validator,5.0.3,ISC
has,1.0.1,MIT
has-ansi,2.0.0,MIT
has-binary2,1.0.2,MIT
has-cors,1.1.0,MIT
has-flag,1.0.0,MIT
has-flag,2.0.0,MIT
has-flag,3.0.0,MIT
has-symbol-support-x,1.3.0,MIT
has-to-string-tag-x,1.3.0,MIT
has-unicode,2.0.1,ISC
has-value,0.3.1,MIT
has-value,1.0.0,MIT
has-values,0.1.4,MIT
has-values,1.0.0,MIT
hash-base,2.0.2,MIT
hash-base,3.0.4,MIT
hash-sum,1.0.2,MIT
hash.js,1.1.3,MIT
hashie,3.5.7,MIT
hashie-forbidden_attributes,0.1.1,MIT
hawk,3.1.3,New BSD
hawk,6.0.2,New BSD
he,1.1.1,MIT
health_check,2.6.0,MIT
hipchat,1.5.2,MIT
hipchat-notifier,1.1.0,MIT
hmac-drbg,1.0.1,MIT
hoek,2.16.3,New BSD
hoek,4.2.1,New BSD
home-or-tmp,2.0.0,MIT
homedir-polyfill,1.0.1,MIT
hosted-git-info,2.2.0,ISC
hpack.js,2.1.6,MIT
html-comment-regex,1.1.1,MIT
html-entities,1.2.0,MIT
html-pipeline,2.7.1,MIT
html2text,0.2.0,MIT
htmlentities,4.3.4,MIT
htmlescape,1.1.1,MIT
htmlparser2,3.9.2,MIT
http,2.2.2,MIT
http-cookie,1.0.3,MIT
http-deceiver,1.2.7,MIT
http-errors,1.6.2,MIT
http-form_data,1.0.3,MIT
http-proxy,1.16.2,MIT
http-proxy-agent,1.0.0,MIT
http-proxy-middleware,0.17.4,MIT
http-signature,1.1.1,MIT
http-signature,1.2.0,MIT
http_parser.rb,0.6.0,MIT
httparty,0.13.7,MIT
httpclient,2.8.3,ruby
httpntlm,1.6.1,MIT
httpreq,0.4.24,MIT
https-browserify,0.0.1,MIT
https-browserify,1.0.0,MIT
https-proxy-agent,1.0.0,MIT
i18n,0.9.5,MIT
ice_nine,0.11.2,MIT
iconv-lite,0.4.15,MIT
iconv-lite,0.4.19,MIT
icss-replace-symbols,1.1.0,ISC
icss-utils,2.1.0,ISC
ieee754,1.1.8,New BSD
iferr,0.1.5,MIT
ignore,3.3.3,MIT
ignore,3.3.7,MIT
ignore-by-default,1.0.1,ISC
immediate,3.0.6,MIT
import-lazy,2.1.0,MIT
import-local,1.0.0,MIT
imports-loader,0.8.0,MIT
imurmurhash,0.1.4,MIT
indent-string,2.1.0,MIT
indexes-of,1.0.1,MIT
indexof,0.0.1,MIT*
inflection,1.10.0,MIT
inflection,1.3.8,MIT
inflight,1.0.6,ISC
influxdb,0.2.3,MIT
inherits,2.0.1,ISC
inherits,2.0.3,ISC
ini,1.3.5,ISC
inline-source-map,0.6.2,MIT
inquirer,0.12.0,MIT
inquirer,3.3.0,MIT
insert-module-globals,7.0.1,MIT
internal-ip,1.2.0,MIT
interpret,1.0.1,MIT
invariant,2.2.2,New BSD
invert-kv,1.0.0,MIT
ip,1.0.1,MIT
ip,1.1.5,MIT
ipaddr.js,1.6.0,MIT
ipaddress,0.8.3,MIT
is-absolute,0.2.6,MIT
is-absolute-url,2.1.0,MIT
is-accessor-descriptor,0.1.6,MIT
is-accessor-descriptor,1.0.0,MIT
is-arrayish,0.2.1,MIT
is-binary-path,1.0.1,MIT
is-buffer,1.1.5,MIT
is-buffer,1.1.6,MIT
is-builtin-module,1.0.0,MIT
is-callable,1.1.3,MIT
is-data-descriptor,0.1.4,MIT
is-data-descriptor,1.0.0,MIT
is-date-object,1.0.1,MIT
is-descriptor,0.1.6,MIT
is-descriptor,1.0.2,MIT
is-dotfile,1.0.3,MIT
is-equal-shallow,0.1.3,MIT
is-extendable,0.1.1,MIT
is-extendable,1.0.1,MIT
is-extglob,1.0.0,MIT
is-extglob,2.1.1,MIT
is-finite,1.0.2,MIT
is-fullwidth-code-point,1.0.0,MIT
is-fullwidth-code-point,2.0.0,MIT
is-glob,2.0.1,MIT
is-glob,3.1.0,MIT
is-glob,4.0.0,MIT
is-installed-globally,0.1.0,MIT
is-my-ip-valid,1.0.0,MIT
is-my-json-valid,2.16.0,MIT
is-my-json-valid,2.17.2,MIT
is-npm,1.0.0,MIT
is-number,0.1.1,MIT
is-number,2.1.0,MIT
is-number,3.0.0,MIT
is-number,4.0.0,MIT
is-obj,1.0.1,MIT
is-object,1.0.1,MIT
is-odd,2.0.0,MIT
is-path-cwd,1.0.0,MIT
is-path-in-cwd,1.0.0,MIT
is-path-inside,1.0.0,MIT
is-plain-obj,1.1.0,MIT
is-plain-object,2.0.4,MIT
is-posix-bracket,0.1.1,MIT
is-primitive,2.0.0,MIT
is-promise,2.1.0,MIT
is-property,1.0.2,MIT
is-redirect,1.0.0,MIT
is-regex,1.0.4,MIT
is-relative,0.2.1,MIT
is-resolvable,1.0.0,MIT
is-retry-allowed,1.1.0,MIT
is-root,1.0.0,MIT
is-stream,1.1.0,MIT
is-svg,2.1.0,MIT
is-symbol,1.0.1,MIT
is-typedarray,1.0.0,MIT
is-unc-path,0.1.2,MIT
is-utf8,0.2.1,MIT
is-windows,0.2.0,MIT
is-windows,1.0.2,MIT
is-wsl,1.1.0,MIT
isarray,0.0.1,MIT
isarray,1.0.0,MIT
isarray,2.0.1,MIT
isbinaryfile,3.0.2,MIT
isexe,1.1.2,ISC
isexe,2.0.0,ISC
isobject,2.1.0,MIT
isobject,3.0.1,MIT
isstream,0.1.2,MIT
istanbul,0.4.5,New BSD
istanbul-api,1.2.1,New BSD
istanbul-lib-coverage,1.1.1,New BSD
istanbul-lib-hook,1.1.0,New BSD
istanbul-lib-instrument,1.9.1,New BSD
istanbul-lib-report,1.1.2,New BSD
istanbul-lib-source-maps,1.2.2,New BSD
istanbul-reports,1.1.3,New BSD
isurl,1.0.0,MIT
jasmine-core,2.9.0,MIT
jasmine-jquery,2.1.1,MIT
jed,1.1.1,MIT
jira-ruby,1.4.1,MIT
jquery,3.3.1,MIT
jquery-atwho-rails,1.3.2,MIT
jquery-ujs,1.2.2,MIT
jquery.waitforimages,2.2.0,MIT
js-base64,2.1.9,New BSD
js-cookie,2.1.3,MIT
js-tokens,3.0.2,MIT
js-yaml,3.7.0,MIT
js-yaml,3.9.1,MIT
jsbn,0.1.1,MIT
jsesc,0.5.0,MIT
jsesc,1.3.0,MIT
json,1.8.6,ruby
json-jwt,1.9.2,MIT
json-loader,0.5.7,MIT
json-schema,0.2.3,BSD
json-schema-traverse,0.3.1,MIT
json-stable-stringify,0.0.1,MIT
json-stable-stringify,1.0.1,MIT
json-stringify-safe,5.0.1,ISC
json3,3.3.2,MIT
json5,0.5.1,MIT
jsonify,0.0.0,Public Domain
jsonparse,1.3.1,MIT
jsonpointer,4.0.1,MIT
jsprim,1.4.1,MIT
jszip,3.1.3,(MIT OR GPL-3.0)
jszip-utils,0.0.2,MIT or GPLv3
jwt,1.5.6,MIT
kaminari,1.0.1,MIT
kaminari-actionview,1.0.1,MIT
kaminari-activerecord,1.0.1,MIT
kaminari-core,1.0.1,MIT
karma,2.0.0,MIT
karma-chrome-launcher,2.2.0,MIT
karma-coverage-istanbul-reporter,1.4.1,MIT
karma-jasmine,1.1.1,MIT
karma-mocha-reporter,2.2.5,MIT
karma-sourcemap-loader,0.3.7,MIT
karma-webpack,2.0.7,MIT
katex,0.8.3,MIT
kgio,2.10.0,LGPL-2.1+
killable,1.0.0,ISC
kind-of,3.2.2,MIT
kind-of,4.0.0,MIT
kind-of,5.1.0,MIT
kind-of,6.0.2,MIT
kubeclient,3.0.0,MIT
labeled-stream-splicer,2.0.0,MIT
latest-version,3.1.0,MIT
lazy-cache,1.0.4,MIT
lazy-cache,2.0.2,MIT
lcid,1.0.0,MIT
levn,0.3.0,MIT
lexical-scope,1.2.0,MIT
libbase64,0.1.0,MIT
libmime,3.0.0,MIT
libqp,1.1.0,MIT
licensee,8.9.2,MIT
lie,3.1.1,MIT
little-plugger,1.1.4,MIT
load-json-file,1.1.0,MIT
load-json-file,2.0.0,MIT
loader-runner,2.3.0,MIT
loader-utils,0.2.16,MIT
loader-utils,1.1.0,MIT
locale,2.1.2,"ruby,LGPLv3+"
locate-path,2.0.0,MIT
lodash,3.10.1,MIT
lodash,4.17.4,MIT
lodash,4.17.5,MIT
lodash._baseget,3.7.2,MIT
lodash._topath,3.8.1,MIT
lodash.camelcase,4.1.1,MIT
lodash.camelcase,4.3.0,MIT
lodash.capitalize,4.2.1,MIT
lodash.clonedeep,4.5.0,MIT
lodash.cond,4.5.2,MIT
lodash.deburr,4.1.0,MIT
lodash.endswith,4.2.1,MIT
lodash.escaperegexp,4.1.2,MIT
lodash.get,3.7.0,MIT
lodash.isarray,3.0.4,MIT
lodash.isfunction,3.0.9,MIT
lodash.isstring,4.0.1,MIT
lodash.kebabcase,4.0.1,MIT
lodash.memoize,3.0.4,MIT
lodash.memoize,4.1.2,MIT
lodash.mergewith,4.6.0,MIT
lodash.snakecase,4.0.1,MIT
lodash.startswith,4.2.1,MIT
lodash.uniq,4.5.0,MIT
lodash.words,4.2.0,MIT
log-symbols,2.1.0,MIT
log4js,2.5.3,Apache 2.0
logging,2.2.2,MIT
loggly,1.1.1,MIT
loglevel,1.4.1,MIT
lograge,0.5.1,MIT
longest,1.0.1,MIT
loofah,2.2.2,MIT
loose-envify,1.3.1,MIT
loud-rejection,1.6.0,MIT
lowercase-keys,1.0.0,MIT
lru-cache,2.6.5,ISC
lru-cache,4.1.1,ISC
macaddress,0.2.8,MIT
mail,2.7.0,MIT
mail_room,0.9.1,MIT
mailcomposer,4.0.1,MIT
mailgun-js,0.7.15,MIT
make-dir,1.0.0,MIT
map-cache,0.2.2,MIT
map-obj,1.0.1,MIT
map-stream,0.1.0,UNKNOWN
map-visit,1.0.0,MIT
marked,0.3.12,MIT
match-at,0.1.1,MIT
math-expression-evaluator,1.2.16,MIT
md5.js,1.3.4,MIT
media-typer,0.3.0,MIT
mem,1.1.0,MIT
memoist,0.16.0,MIT
memory-fs,0.2.0,MIT
memory-fs,0.4.1,MIT
meow,3.7.0,MIT
merge-descriptors,1.0.1,MIT
method_source,0.8.2,MIT
methods,1.1.2,MIT
micromatch,2.3.11,MIT
micromatch,3.1.6,MIT
miller-rabin,4.0.1,MIT
mime,1.4.1,MIT
mime,1.6.0,MIT
mime-db,1.29.0,MIT
mime-db,1.33.0,MIT
mime-types,2.1.18,MIT
mime-types,3.1,MIT
mime-types-data,3.2016.0521,MIT
mimemagic,0.3.0,MIT
mimic-fn,1.1.0,MIT
mimic-response,1.0.0,MIT
mini_mime,1.0.0,MIT
mini_portile2,2.3.0,MIT
minimalistic-assert,1.0.0,ISC
minimalistic-crypto-utils,1.0.1,MIT
minimatch,3.0.3,ISC
minimatch,3.0.4,ISC
minimist,0.0.10,MIT
minimist,0.0.8,MIT
minimist,1.2.0,MIT
mississippi,2.0.0,Simplified BSD
mixin-deep,1.3.1,MIT
mkdirp,0.5.1,MIT
module-deps,4.1.1,MIT
moment,2.19.2,MIT
monaco-editor,0.10.0,MIT
mousetrap,1.4.6,Apache 2.0
mousetrap-rails,1.4.6,"MIT,Apache"
move-concurrently,1.0.1,ISC
ms,0.7.1,MIT
ms,2.0.0,MIT
multi_json,1.13.1,MIT
multi_xml,0.6.0,MIT
multicast-dns,6.1.1,MIT
multicast-dns-service-types,1.1.0,MIT
multipart-post,2.0.0,MIT
mustermann,1.0.2,MIT
mustermann-grape,1.0.0,MIT
mute-stream,0.0.5,ISC
mute-stream,0.0.7,ISC
mysql2,0.4.10,MIT
name-all-modules-plugin,1.0.1,MIT
nan,2.8.0,MIT
nanomatch,1.2.9,MIT
natural-compare,1.4.0,MIT
negotiator,0.6.1,MIT
net-ldap,0.16.0,MIT
net-ssh,4.2.0,MIT
netmask,1.0.6,MIT
netrc,0.11.0,MIT
node-forge,0.6.33,New BSD
node-libs-browser,1.1.1,MIT
node-libs-browser,2.0.0,MIT
node-pre-gyp,0.6.39,New BSD
node-uuid,1.4.8,MIT
nodemailer,2.7.2,MIT
nodemailer-direct-transport,3.3.2,MIT
nodemailer-fetch,1.6.0,MIT
nodemailer-shared,1.1.0,MIT
nodemailer-smtp-pool,2.8.2,MIT
nodemailer-smtp-transport,2.7.2,MIT
nodemailer-wellknown,0.1.10,MIT
nodemon,1.15.1,MIT
nokogiri,1.8.2,MIT
nopt,1.0.10,MIT
nopt,3.0.6,ISC
nopt,4.0.1,ISC
normalize-package-data,2.4.0,Simplified BSD
normalize-path,2.1.1,MIT
normalize-range,0.1.2,MIT
normalize-url,1.9.1,MIT
npm-run-path,2.0.2,MIT
npmlog,4.1.2,ISC
null-check,1.0.0,MIT
num2fraction,1.2.2,MIT
number-is-nan,1.0.1,MIT
numerizer,0.1.1,MIT
oauth,0.5.4,MIT
oauth-sign,0.8.2,Apache 2.0
oauth2,1.4.0,MIT
object-assign,4.1.1,MIT
object-component,0.0.3,MIT*
object-copy,0.1.0,MIT
object-keys,1.0.11,MIT
object-visit,1.0.1,MIT
object.omit,2.0.1,MIT
object.pick,1.3.0,MIT
obuf,1.1.1,MIT
octokit,4.8.0,MIT
omniauth,1.8.1,MIT
omniauth-auth0,2.0.0,MIT
omniauth-authentiq,0.3.1,MIT
omniauth-azure-oauth2,0.0.9,MIT
omniauth-cas3,1.1.4,MIT
omniauth-facebook,4.0.0,MIT
omniauth-github,1.1.2,MIT
omniauth-gitlab,1.0.2,MIT
omniauth-google-oauth2,0.5.3,MIT
omniauth-jwt,0.0.2,MIT
omniauth-kerberos,0.3.0,MIT
omniauth-multipassword,0.4.2,MIT
omniauth-oauth,1.1.0,MIT
omniauth-oauth2,1.5.0,MIT
omniauth-oauth2-generic,0.2.2,MIT
omniauth-saml,1.10.0,MIT
omniauth-shibboleth,1.2.1,MIT
omniauth-twitter,1.4.0,MIT
omniauth_crowd,2.2.3,MIT
on-finished,2.3.0,MIT
on-headers,1.0.1,MIT
once,1.4.0,ISC
onetime,1.1.0,MIT
onetime,2.0.1,MIT
opener,1.4.3,(WTFPL OR MIT)
opn,5.2.0,MIT
optimist,0.6.1,MIT
optionator,0.8.2,MIT
org-ruby,0.9.12,MIT
original,1.0.0,MIT
orm_adapter,0.5.0,MIT
os,0.9.6,MIT
os-browserify,0.2.1,MIT
os-browserify,0.3.0,MIT
os-homedir,1.0.2,MIT
os-locale,1.4.0,MIT
os-locale,2.1.0,MIT
os-tmpdir,1.0.2,MIT
osenv,0.1.5,ISC
p-cancelable,0.3.0,MIT
p-finally,1.0.0,MIT
p-limit,1.1.0,MIT
p-limit,1.2.0,MIT
p-locate,2.0.0,MIT
p-map,1.1.1,MIT
p-timeout,1.2.0,MIT
p-try,1.0.0,MIT
pac-proxy-agent,1.1.0,MIT
pac-resolver,2.0.0,MIT
package-json,4.0.1,MIT
pako,0.2.9,MIT
pako,1.0.5,(MIT AND Zlib)
pako,1.0.6,(MIT AND Zlib)
parallel-transform,1.1.0,MIT
parents,1.0.1,MIT
parse-asn1,5.1.0,ISC
parse-glob,3.0.4,MIT
parse-json,2.2.0,MIT
parse-passwd,1.0.0,MIT
parseqs,0.0.5,MIT
parseuri,0.0.5,MIT
parseurl,1.3.2,MIT
pascalcase,0.1.1,MIT
path-browserify,0.0.0,MIT
path-dirname,1.0.2,MIT
path-exists,2.1.0,MIT
path-exists,3.0.0,MIT
path-is-absolute,1.0.1,MIT
path-is-inside,1.0.2,(WTFPL OR MIT)
path-key,2.0.1,MIT
path-parse,1.0.5,MIT
path-platform,0.11.15,MIT
path-proxy,1.0.0,MIT
path-to-regexp,0.1.7,MIT
path-type,1.1.0,MIT
path-type,2.0.0,MIT
path-type,3.0.0,MIT
pause-stream,0.0.11,Apache 2.0
pbkdf2,3.0.14,MIT
peek,1.0.1,MIT
peek-gc,0.0.2,MIT
peek-mysql2,1.1.0,MIT
peek-performance_bar,1.3.1,MIT
peek-pg,1.3.0,MIT
peek-rblineprof,0.2.0,MIT
peek-redis,1.2.0,MIT
peek-sidekiq,1.0.3,MIT
performance-now,0.2.0,MIT
performance-now,2.1.0,MIT
pg,0.18.4,"BSD,ruby,GPL"
pify,2.3.0,MIT
pify,3.0.0,MIT
pikaday,1.6.1,MIT
pinkie,2.0.4,MIT
pinkie-promise,2.0.1,MIT
pkg-dir,1.0.0,MIT
pkg-dir,2.0.0,MIT
pkg-up,1.0.0,MIT
pluralize,1.2.1,MIT
po_to_json,1.0.1,MIT
portfinder,1.0.13,MIT
posix-character-classes,0.1.1,MIT
posix-spawn,0.3.13,MIT
postcss,5.2.16,MIT
postcss,6.0.14,MIT
postcss,6.0.15,MIT
postcss,6.0.19,MIT
postcss-calc,5.3.1,MIT
postcss-colormin,2.2.2,MIT
postcss-convert-values,2.6.1,MIT
postcss-discard-comments,2.0.4,MIT
postcss-discard-duplicates,2.1.0,MIT
postcss-discard-empty,2.1.0,MIT
postcss-discard-overridden,0.1.1,MIT
postcss-discard-unused,2.2.3,MIT
postcss-filter-plugins,2.0.2,MIT
postcss-load-config,1.2.0,MIT
postcss-load-options,1.2.0,MIT
postcss-load-plugins,2.3.0,MIT
postcss-merge-idents,2.1.7,MIT
postcss-merge-longhand,2.0.2,MIT
postcss-merge-rules,2.1.2,MIT
postcss-message-helpers,2.0.0,MIT
postcss-minify-font-values,1.0.5,MIT
postcss-minify-gradients,1.0.5,MIT
postcss-minify-params,1.2.2,MIT
postcss-minify-selectors,2.1.1,MIT
postcss-modules-extract-imports,1.2.0,ISC
postcss-modules-local-by-default,1.2.0,MIT
postcss-modules-scope,1.1.0,ISC
postcss-modules-values,1.3.0,ISC
postcss-normalize-charset,1.1.1,MIT
postcss-normalize-url,3.0.8,MIT
postcss-ordered-values,2.2.3,MIT
postcss-reduce-idents,2.4.0,MIT
postcss-reduce-initial,1.0.1,MIT
postcss-reduce-transforms,1.0.4,MIT
postcss-selector-parser,2.2.3,MIT
postcss-svgo,2.1.6,MIT
postcss-unique-selectors,2.0.2,MIT
postcss-value-parser,3.3.0,MIT
postcss-zindex,2.2.0,MIT
prelude-ls,1.1.2,MIT
premailer,1.10.4,New BSD
premailer-rails,1.9.7,MIT
prepend-http,1.0.4,MIT
preserve,0.2.0,MIT
prettier,1.11.1,MIT
prettier,1.8.2,MIT
prismjs,1.6.0,MIT
private,0.1.8,MIT
process,0.11.10,MIT
process,0.11.9,MIT
process-nextick-args,1.0.7,MIT
process-nextick-args,2.0.0,MIT
progress,1.1.8,MIT
prometheus-client-mmap,0.9.1,Apache 2.0
promise-inflight,1.0.1,ISC
proxy-addr,2.0.3,MIT
proxy-agent,2.0.0,MIT
prr,0.0.0,MIT
ps-tree,1.1.0,MIT
pseudomap,1.0.2,ISC
pstree.remy,1.1.0,MIT
public-encrypt,4.0.0,MIT
public_suffix,3.0.2,MIT
pump,2.0.1,MIT
pumpify,1.4.0,MIT
punycode,1.3.2,MIT
punycode,1.4.1,MIT
pyu-ruby-sasl,0.0.3.3,MIT
q,1.4.1,MIT
q,1.5.0,MIT
qjobs,1.2.0,MIT
qs,6.2.3,New BSD
qs,6.4.0,New BSD
qs,6.5.1,New BSD
query-string,4.3.2,MIT
querystring,0.2.0,MIT
querystring-es3,0.2.1,MIT
querystringify,0.0.4,MIT
querystringify,1.0.0,MIT
rack,1.6.9,MIT
rack-accept,0.4.5,MIT
rack-attack,4.4.1,MIT
rack-cors,1.0.2,MIT
rack-oauth2,1.2.3,MIT
rack-protection,2.0.1,MIT
rack-proxy,0.6.0,MIT
rack-test,0.6.3,MIT
rails,4.2.10,MIT
rails-deprecated_sanitizer,1.0.3,MIT
rails-dom-testing,1.0.9,MIT
rails-html-sanitizer,1.0.4,MIT
rails-i18n,4.0.9,MIT
railties,4.2.10,MIT
rainbow,2.2.2,MIT
raindrops,0.18.0,LGPL-2.1+
rake,12.3.0,MIT
randomatic,1.1.7,MIT
randombytes,2.0.6,MIT
randomfill,1.0.4,MIT
range-parser,1.2.0,MIT
raphael,2.2.7,MIT
raven-js,3.22.1,Simplified BSD
raw-body,2.3.2,MIT
raw-loader,0.5.1,MIT
rb-fsevent,0.10.2,MIT
rb-inotify,0.9.10,MIT
rbnacl,4.0.2,MIT
rbnacl-libsodium,1.0.11,MIT
rc,1.2.1,(BSD-2-Clause OR MIT OR Apache-2.0)
rc,1.2.5,(BSD-2-Clause OR MIT OR Apache-2.0)
rdoc,4.2.2,ruby
re2,1.1.1,New BSD
react-dev-utils,5.0.0,MIT
react-error-overlay,4.0.0,MIT
read-only-stream,2.0.0,MIT
read-pkg,1.1.0,MIT
read-pkg,2.0.0,MIT
read-pkg-up,1.0.1,MIT
read-pkg-up,2.0.0,MIT
readable-stream,1.1.14,MIT
readable-stream,2.0.6,MIT
readable-stream,2.3.3,MIT
readable-stream,2.3.4,MIT
readdirp,2.1.0,MIT
readline2,1.0.1,MIT
recaptcha,3.0.0,MIT
rechoir,0.6.2,MIT
recursive-open-struct,1.0.5,MIT
recursive-readdir,2.2.1,MIT
redcarpet,3.4.0,MIT
redent,1.0.0,MIT
redis,2.8.0,MIT
redis,3.3.5,MIT
redis-actionpack,5.0.2,MIT
redis-activesupport,5.0.4,MIT
redis-commands,1.3.1,MIT
redis-namespace,1.5.2,MIT
redis-parser,2.6.0,MIT
redis-rack,2.0.4,MIT
redis-rails,5.0.2,MIT
redis-store,1.4.1,MIT
reduce-css-calc,1.3.0,MIT
reduce-function-call,1.0.2,MIT
regenerate,1.3.2,MIT
regenerator-runtime,0.11.0,MIT
regenerator-transform,0.10.1,BSD
regex-cache,0.4.4,MIT
regex-not,1.0.2,MIT
regexpu-core,1.0.0,MIT
regexpu-core,2.0.0,MIT
registry-auth-token,3.3.2,MIT
registry-url,3.1.0,MIT
regjsgen,0.2.0,MIT
regjsparser,0.1.5,Simplified BSD
remove-trailing-separator,1.1.0,ISC
repeat-element,1.1.2,MIT
repeat-string,0.2.2,MIT
repeat-string,1.6.1,MIT
repeating,2.0.1,MIT
representable,3.0.4,MIT
request,2.75.0,Apache 2.0
request,2.81.0,Apache 2.0
request,2.83.0,Apache 2.0
request_store,1.3.1,MIT
requestretry,1.13.0,MIT
require-all,2.2.0,MIT
require-directory,2.1.1,MIT
require-from-string,1.2.1,MIT
require-main-filename,1.0.1,ISC
require-uncached,1.0.3,MIT
requires-port,1.0.0,MIT
resolve,1.1.7,MIT
resolve,1.5.0,MIT
resolve-cwd,2.0.0,MIT
resolve-dir,1.0.1,MIT
resolve-from,1.0.1,MIT
resolve-from,3.0.0,MIT
resolve-url,0.2.1,MIT
responders,2.3.0,MIT
rest-client,2.0.2,MIT
restore-cursor,1.0.1,MIT
restore-cursor,2.0.0,MIT
ret,0.1.15,MIT
retriable,3.1.1,MIT
right-align,0.1.3,MIT
rimraf,2.6.1,ISC
rimraf,2.6.2,ISC
rinku,2.0.0,ISC
ripemd160,2.0.1,MIT
rotp,2.1.2,MIT
rouge,2.2.1,MIT
rqrcode,0.7.0,MIT
rqrcode-rails3,0.1.7,MIT
ruby-enum,0.7.2,MIT
ruby-fogbugz,0.2.1,MIT
ruby-prof,0.17.0,Simplified BSD
ruby-saml,1.7.2,MIT
ruby_parser,3.9.0,MIT
rubyntlm,0.6.2,MIT
rubypants,0.2.0,BSD
rufus-scheduler,3.4.0,MIT
rugged,0.27.0,MIT
run-async,0.1.0,MIT
run-async,2.3.0,MIT
run-queue,1.0.3,ISC
rx-lite,3.1.2,Apache 2.0
rx-lite,4.0.8,Apache 2.0
rx-lite-aggregates,4.0.8,Apache 2.0
safe-buffer,5.1.1,MIT
safe-regex,1.1.0,MIT
safe_yaml,1.0.4,MIT
sanitize,2.1.0,MIT
sanitize-html,1.16.3,MIT
sass,3.5.5,MIT
sass-listen,4.0.0,MIT
sass-rails,5.0.6,MIT
sawyer,0.8.1,MIT
sax,1.2.2,ISC
schema-utils,0.3.0,MIT
schema-utils,0.4.5,MIT
securecompare,1.0.0,MIT
seed-fu,2.3.7,MIT
select,1.1.2,MIT
select-hose,2.0.0,MIT
select2,3.5.2-browserify,Apache*
select2-rails,3.5.9.3,MIT
selfsigned,1.10.1,MIT
semver,5.0.3,ISC
semver,5.3.0,ISC
semver,5.5.0,ISC
semver-diff,2.1.0,MIT
send,0.16.1,MIT
sentry-raven,2.7.2,Apache 2.0
serialize-javascript,1.4.0,New BSD
serve-index,1.9.0,MIT
serve-static,1.13.1,MIT
set-blocking,2.0.0,ISC
set-getter,0.1.0,MIT
set-immediate-shim,1.0.1,MIT
set-value,0.4.3,MIT
set-value,2.0.0,MIT
setimmediate,1.0.5,MIT
setprototypeof,1.0.3,ISC
setprototypeof,1.1.0,ISC
settingslogic,2.0.9,MIT
sexp_processor,4.9.0,MIT
sha.js,2.4.10,MIT
shasum,1.0.2,MIT
shebang-command,1.2.0,MIT
shebang-regex,1.0.0,MIT
shell-quote,1.6.1,MIT
shelljs,0.7.8,New BSD
sidekiq,5.0.5,LGPL
sidekiq-cron,0.6.0,MIT
sidekiq-limit_fetch,3.4.0,MIT
signal-exit,3.0.2,ISC
signet,0.8.1,Apache 2.0
slack-node,0.2.0,MIT
slack-notifier,1.5.1,MIT
slash,1.0.0,MIT
slice-ansi,0.0.4,MIT
smart-buffer,1.1.15,MIT
smtp-connection,2.12.0,MIT
snapdragon,0.8.1,MIT
snapdragon-node,2.1.1,MIT
snapdragon-util,3.0.1,MIT
sntp,1.0.9,BSD
sntp,2.1.0,BSD
socket.io,2.0.4,MIT
socket.io-adapter,1.1.1,MIT
socket.io-client,2.0.4,MIT
socket.io-parser,3.1.2,MIT
sockjs,0.3.19,MIT
sockjs-client,1.1.4,MIT
socks,1.1.10,MIT
socks,1.1.9,MIT
socks-proxy-agent,2.1.1,MIT
sort-keys,1.1.2,MIT
source-list-map,2.0.0,MIT
source-map,0.2.0,New BSD
source-map,0.4.4,New BSD
source-map,0.5.0,New BSD
source-map,0.5.6,New BSD
source-map,0.5.7,New BSD
source-map,0.6.1,New BSD
source-map-resolve,0.5.1,MIT
source-map-support,0.4.18,MIT
source-map-url,0.4.0,MIT
spdx-correct,1.0.2,Apache 2.0
spdx-expression-parse,1.0.4,(MIT AND CC-BY-3.0)
spdx-license-ids,1.2.2,Unlicense
spdy,3.4.7,MIT
spdy-transport,2.0.20,MIT
split,0.3.3,MIT
split-string,3.1.0,MIT
sprintf-js,1.0.3,New BSD
sprockets,3.7.1,MIT
sprockets-rails,3.2.1,MIT
sql.js,0.4.0,MIT
srcset,1.0.0,MIT
sshkey,1.9.0,MIT
sshpk,1.13.1,MIT
ssri,5.2.4,ISC
state_machines,0.5.0,MIT
state_machines-activemodel,0.5.1,MIT
state_machines-activerecord,0.5.1,MIT
static-extend,0.1.2,MIT
statuses,1.3.1,MIT
statuses,1.4.0,MIT
stream-browserify,2.0.1,MIT
stream-combiner,0.0.4,MIT
stream-combiner2,1.1.1,MIT
stream-each,1.2.2,MIT
stream-http,2.6.3,MIT
stream-http,2.8.0,MIT
stream-shift,1.0.0,MIT
stream-splicer,2.0.0,MIT
streamroller,0.7.0,MIT
strict-uri-encode,1.1.0,MIT
string-width,1.0.2,MIT
string-width,2.0.0,MIT
string-width,2.1.1,MIT
string_decoder,0.10.31,MIT
string_decoder,1.0.3,MIT
stringex,2.7.1,MIT
stringstream,0.0.5,MIT
strip-ansi,3.0.1,MIT
strip-ansi,4.0.0,MIT
strip-bom,2.0.0,MIT
strip-bom,3.0.0,MIT
strip-eof,1.0.0,MIT
strip-indent,1.0.1,MIT
strip-json-comments,2.0.1,MIT
style-loader,0.20.2,MIT
subarg,1.0.0,MIT
supports-color,2.0.0,MIT
supports-color,3.2.3,MIT
supports-color,4.2.1,MIT
supports-color,4.5.0,MIT
supports-color,5.1.0,MIT
supports-color,5.2.0,MIT
svg4everybody,2.1.9,CC0-1.0
svgo,0.7.2,MIT
syntax-error,1.4.0,MIT
sys-filesystem,1.1.6,Artistic 2.0
table,3.8.3,New BSD
tapable,0.1.10,MIT
tapable,0.2.8,MIT
tar,2.2.1,ISC
tar-pack,3.4.1,Simplified BSD
temple,0.7.7,MIT
term-size,1.2.0,MIT
test-exclude,4.1.1,ISC
text,1.3.1,MIT
text-table,0.2.0,MIT
thor,0.19.4,MIT
thread_safe,0.3.6,Apache 2.0
three,0.84.0,MIT
three-orbit-controls,82.1.0,MIT
three-stl-loader,1.0.4,MIT
through,2.3.8,MIT
through2,2.0.3,MIT
thunkify,2.1.2,MIT
thunky,0.1.0,MIT*
tilt,2.0.6,MIT
time-stamp,2.0.0,MIT
timeago.js,3.0.2,MIT
timed-out,4.0.1,MIT
timers-browserify,1.4.2,MIT
timers-browserify,2.0.4,MIT
timespan,2.3.0,MIT
timfel-krb5-auth,0.8.3,LGPL
tiny-emitter,2.0.2,MIT
tmp,0.0.33,MIT
to-array,0.1.4,MIT
to-arraybuffer,1.0.1,MIT
to-fast-properties,1.0.3,MIT
to-fast-properties,2.0.0,MIT
to-object-path,0.3.0,MIT
to-regex,3.0.1,MIT
to-regex-range,2.1.1,MIT
toml-rb,1.0.0,MIT
touch,3.1.0,ISC
tough-cookie,2.3.3,New BSD
traverse,0.6.6,MIT
trim-newlines,1.0.0,MIT
trim-right,1.0.1,MIT
truncato,0.7.10,MIT
tryer,1.0.0,MIT
tryit,1.0.3,MIT
tsscmp,1.0.5,MIT
tty-browserify,0.0.0,MIT
tty-browserify,0.0.1,MIT
tunnel-agent,0.4.3,Apache 2.0
tunnel-agent,0.6.0,Apache 2.0
tweetnacl,0.14.5,Unlicense
type-check,0.3.2,MIT
type-is,1.6.16,MIT
typedarray,0.0.6,MIT
tzinfo,1.2.5,MIT
u2f,0.2.1,MIT
uber,0.1.0,MIT
uglifier,2.7.2,MIT
uglify-js,2.8.29,Simplified BSD
uglify-to-browserify,1.0.2,MIT
uglifyjs-webpack-plugin,0.4.6,MIT
uid-number,0.0.6,ISC
ultron,1.1.1,MIT
umd,3.0.1,MIT
unc-path-regex,0.1.2,MIT
undefsafe,2.0.2,MIT
underscore,1.7.0,MIT
underscore,1.8.3,MIT
unf,0.1.4,BSD
unf_ext,0.0.7.5,MIT
unicorn,5.1.0,ruby
unicorn-worker-killer,0.4.4,ruby
union-value,1.0.0,MIT
uniq,1.0.1,MIT
uniqid,4.1.1,MIT
uniqs,2.0.0,MIT
unique-filename,1.1.0,ISC
unique-slug,2.0.0,ISC
unique-string,1.0.0,MIT
unpipe,1.0.0,MIT
unset-value,1.0.0,MIT
unzip-response,2.0.1,MIT
upath,1.0.2,MIT
update-notifier,2.3.0,Simplified BSD
urix,0.1.0,MIT
url,0.11.0,MIT
url-loader,0.6.2,MIT
url-parse,1.0.5,MIT
url-parse,1.1.9,MIT
url-parse-lax,1.0.0,MIT
url-to-options,1.0.1,MIT
url_safe_base64,0.2.2,MIT
use,2.0.2,MIT
user-home,2.0.0,MIT
useragent,2.3.0,MIT
util,0.10.3,MIT
util-deprecate,1.0.2,MIT
utils-merge,1.0.1,MIT
uuid,3.2.1,MIT
uws,9.14.0,Zlib
validate-npm-package-license,3.0.1,Apache 2.0
validates_hostname,1.0.6,MIT
vary,1.1.1,MIT
vary,1.1.2,MIT
vendors,1.0.1,MIT
verror,1.10.0,MIT
version_sorter,2.1.0,MIT
virtus,1.0.5,MIT
visibilityjs,1.2.4,MIT
vm-browserify,0.0.4,MIT
vmstat,2.3.0,MIT
void-elements,2.0.1,MIT
vue,2.5.13,MIT
vue-eslint-parser,2.0.1,MIT
vue-hot-reload-api,2.2.4,MIT
vue-loader,14.1.1,MIT
vue-resource,1.3.5,MIT
vue-router,3.0.1,MIT
vue-style-loader,4.0.2,MIT
vue-template-compiler,2.5.13,MIT
vue-template-es2015-compiler,1.6.0,MIT
vuex,3.0.1,MIT
warden,1.2.6,MIT
watchpack,1.4.0,MIT
wbuf,1.7.2,MIT
webpack,3.11.0,MIT
webpack-bundle-analyzer,2.10.0,MIT
webpack-dev-middleware,1.12.2,MIT
webpack-dev-server,2.11.2,MIT
webpack-rails,0.9.10,MIT
webpack-sources,1.0.1,MIT
webpack-stats-plugin,0.1.5,MIT
websocket-driver,0.6.5,MIT
websocket-extensions,0.1.1,MIT
when,3.7.8,MIT
whet.extend,0.9.9,MIT
which,1.2.12,ISC
which,1.3.0,ISC
which-module,1.0.0,ISC
which-module,2.0.0,ISC
wide-align,1.1.2,ISC
widest-line,2.0.0,MIT
wikicloth,0.8.1,MIT
window-size,0.1.0,MIT
wordwrap,0.0.2,MIT
wordwrap,0.0.3,MIT
wordwrap,1.0.0,MIT
worker-loader,1.1.0,MIT
wrap-ansi,2.1.0,MIT
wrappy,1.0.2,ISC
write,0.2.1,MIT
write-file-atomic,2.3.0,ISC
ws,3.3.3,MIT
ws,4.0.0,MIT
xdg-basedir,3.0.0,MIT
xml-simple,1.1.5,ruby
xmlhttprequest-ssl,1.5.5,MIT
xregexp,2.0.0,MIT
xtend,4.0.1,MIT
y18n,3.2.1,ISC
y18n,4.0.0,ISC
yallist,2.1.2,ISC
yargs,3.10.0,MIT
yargs,6.6.0,MIT
yargs,8.0.2,MIT
yargs-parser,4.2.1,ISC
yargs-parser,7.0.0,ISC
yeast,0.1.2,MIT
